,0
0,ACTN1
1,ATP2A1
2,MAN1B1
3,NPHP4
4,MAEL
5,PROX1
6,NR5A2
7,ETV6
8,COL6A3
9,SLMAP
10,ITGAD
11,SMARCC2
12,DNAH17
13,RFX5
14,CASZ1
15,MEOX2
16,ZFP36
17,SLC2A9
18,LOXL4
19,CSMD2
20,EHMT1
21,MTMR7
22,ANKRD11
23,TDRD6
24,WWP2
25,SERPINB12
26,SRCAP
27,GPHN
28,OTOF
29,NUP210L
30,MTUS2
31,ZNF362
32,PTPRF
33,PACS2
34,CACNA1A
35,SLC6A5
36,DSTYK
37,APAF1
38,GFPT2
39,LRRC4B
40,AEBP1
41,PELI2
42,DDX18
43,CDH8
44,COL4A1
45,RBM47
46,NLRC3
47,TINAG
48,ARPC2
49,CABYR
50,FBF1
51,PRKCH
52,ST6GALNAC3
53,TRIM56
54,MED13
55,CCDC62
56,DYSF
57,ASAP2
58,CACHD1
59,ESPN
60,KIF3A
61,DPH2
62,PARP10
63,STK38
64,ARHGAP15
65,DNAH11
66,KIF26A
67,ZFHX4
68,KIDINS220
69,CNTNAP2
70,THRA
71,DPP6
72,PTK2B
73,ESCO1
74,CEP68
75,CSMD1
76,PABPC3
77,LTBP4
78,SPTBN4
79,PER3
80,RNF111
81,IGF2R
82,MAPK4
83,NRCAM
84,TULP1
85,PLXNC1
86,RRP1
87,PPFIBP1
88,MYBL1
89,UBR1
90,GBF1
91,ZNF613
92,DPYS
93,CAMSAP1
94,PLA2G15
95,DOCK1
96,GOLGA3
97,AKAP8L
98,ACSL5
99,PDGFRA
100,CRHR1
101,HTR1D
102,RNF220
103,LRPPRC
104,NBL1
105,SERINC5
106,ERCC6
107,ZEB2
108,SLC20A2
109,PADI3
110,ABR
111,DIP2C
112,SYNJ1
113,DNAH10
114,ALDOA
115,ANK3
116,ZNF710
117,NCAPD2
118,UBTF
119,OSBPL1A
120,EPB41L3
121,DCC
122,CD2
123,TCF12
124,THBS1
125,ZBTB20
126,GABBR1
127,SORBS2
128,MTSS1
129,NCOA7
130,ZNF808
131,GABRA5
132,ARHGEF4
133,EHMT2
134,KRT5
135,NOL10
136,HIP1
137,DGKI
138,PROM2
139,CUX2
140,KIF13A
141,SLC25A2
142,ABCC1
143,ZBTB9
144,ARHGEF10
145,FRMD1
146,PNPLA6
147,PRPF38B
148,ATG4D
149,BRCA2
150,TSPYL5
151,AP2B1
152,LONP1
153,NELL2
154,USP4
155,SNX7
156,UHRF1
157,CROT
158,SLC35B4
159,TSNARE1
160,ATP11A
161,UGP2
162,FDPS
163,ACTA1
164,PTPRN2
165,PUM1
166,ABI2
167,NUP107
168,ADCY9
169,KIF26B
170,GRIN2A
171,LZTS2
172,RBM45
173,MAZ
174,RFX6
175,PWP2
176,SETBP1
177,PIK3CB
178,PXDN
179,FBXO31
180,EXOC4
181,CREBBP
182,ABCA3
183,TAX1BP1
184,SLC25A12
185,SMOC2
186,MICAL3
187,TPO
188,ARHGEF11
189,PTPN22
190,SYNE1
191,KLC2
192,ANKH
193,PLEKHH3
194,DOT1L
195,PEX1
196,COG1
197,KCNAB2
198,COL12A1
199,EPHA7
200,NSMAF
201,RUNX1T1
202,RBL1
203,ARHGAP30
204,PHF19
205,PPP1R12B
206,PLOD3
207,COL20A1
208,GPR149
209,PDE4B
210,LRP6
211,MYO1D
212,CUL5
213,CBX2
214,GABRA1
215,DACH1
216,SVIL
217,CLYBL
218,PRDM16
219,CSDE1
220,BTNL9
221,SMURF2
222,PRKCA
223,DNMT3A
224,MAP2
225,JAG1
226,CYP2C19
227,FOXP1
228,PSMD4
229,SCLY
230,RPS6KA2
231,DGKH
232,MCF2L
233,SH3PXD2B
234,CYP7B1
235,RASA3
236,TTLL3
237,PTPRE
238,CORO7
239,RERE
240,GPSM1
241,ARHGAP21
242,GRM7
243,KSR2
244,SLCO4C1
245,PCBP2
246,COL7A1
247,TGFBRAP1
248,KIAA1549
249,TRPC3
250,RYR2
251,SLC16A1
252,P2RX2
253,CTNNA2
254,PIGQ
255,CACNA1I
256,HOOK1
257,PRMT8
258,FMNL2
259,PI16
260,PFKP
261,RNF213
262,PES1
263,DDX11
264,AGAP1
265,GALK2
266,RB1
267,COL1A1
268,PAX6
269,KCNS3
270,CENPF
271,LEO1
272,LIMA1
273,ALX4
274,NLGN2
275,SQSTM1
276,CDK12
277,ITGA2B
278,PLXNB2
279,KDM1A
280,OS9
281,SLC12A7
282,TPCN1
283,PTPN14
284,PDE3A
285,PLS1
286,LRRC8C
287,FGR
288,EPPK1
289,LRIG2
290,STXBP5L
291,VANGL2
292,CHD3
293,HEY2
294,ZNF407
295,EPC2
296,DBX2
297,ZNF131
298,MTHFD1L
299,ATP6V1B1
300,PIK3R1
301,MYT1L
302,HERC1
303,CRIM1
304,GLI2
305,CACNA1S
306,CDH10
307,CLCN3
308,ARAP3
309,DNAH12
310,ENOX1
311,DDX21
312,GRM4
313,RAB11FIP4
314,TMEM63B
315,RHOBTB2
316,ESR2
317,KIF20B
318,MSH5
319,RAI1
320,LMTK2
321,ALK
322,ZFHX3
323,JARID2
324,GRM8
325,EGFLAM
326,BSN
327,POMP
328,UNC93A
329,FLNB
330,EXOC3
331,ASAP1
332,MAD1L1
333,MMP2
334,HTR3A
335,CHD4
336,TAOK2
337,B2M
338,EED
339,SLFN11
340,EFCAB6
341,CD8B
342,EPHA4
343,GREM2
344,ABCC3
345,FNBP1L
346,PLD1
347,NISCH
348,XPO1
349,SLC12A5
350,MAP3K5
351,KCNMA1
352,TRAPPC9
353,MYBBP1A
354,CORO1C
355,DLL1
356,TTBK1
357,FGD5
358,PDE4DIP
359,OAS2
360,SLC13A2
361,CAMKK1
362,DHX9
363,PTPN9
364,PPT2
365,AS3MT
366,SRRM2
367,SIM1
368,FBXO21
369,SYNRG
370,PPRC1
371,ATXN1
372,GCC1
373,IQSEC1
374,DPP10
375,EP400
376,PPM1L
377,MEF2D
378,SYNPO
379,SGIP1
380,MIA3
381,ARHGEF2
382,RGS22
383,ZNF507
384,PRDM4
385,IL4R
386,ANO10
387,ZNF17
388,GABBR2
389,SND1
390,WAC
391,PCNT
392,CLIC5
393,EMILIN2
394,CASC4
395,NPNT
396,PPP1R15B
397,ANAPC4
398,CROCC
399,CDH11
400,CREM
401,KIF3C
402,ERGIC3
403,NID1
404,SNTG2
405,DHX36
406,SLC35F1
407,UBE3A
408,UXS1
409,ADAMTS2
410,DLX5
411,CRB1
412,SYT10
413,KCNH1
414,MST1R
415,SLC41A1
416,EPAS1
417,HMCN1
418,IGF1R
419,MAP2K1
420,TAF4
421,RRAGD
422,PRKG1
423,UNC45B
424,ZNF462
425,HRG
426,MGAT3
427,CDK14
428,SEC63
429,SARS
430,COL18A1
431,CA14
432,TESK2
433,KCNQ2
434,GXYLT1
435,SYNGAP1
436,NCL
437,ADAMTSL3
438,VPS18
439,DPYSL3
440,HAP1
441,EPHA2
442,ASTN2
443,PGM2
444,ELFN2
445,UBN2
446,SLITRK5
447,HIVEP2
448,LDB3
449,PHF2
450,NFATC1
451,TNIP1
452,SCRIB
453,ITPR3
454,MAGI2
455,CDH4
456,KCNK9
457,PLXNA1
458,MYOZ1
459,TEAD1
460,ZFPM2
461,ERC2
462,COL25A1
463,PYHIN1
464,ZNF365
465,DLGAP3
466,SPTB
467,LHX9
468,THRAP3
469,EPS8L2
470,AARS2
471,ADAMTS13
472,MGAT5B
473,PDCD6IP
474,TOPORS
475,ADAMTSL1
476,ZNF251
477,IGSF3
478,AFF3
479,PDE9A
480,TMCC2
481,MOV10
482,TRPC7
483,LPP
484,LAMP3
485,NFKB1
486,ADAM19
487,CARD11
488,HRH1
489,KATNB1
490,PFKFB3
491,THBS4
492,ZNF518B
493,PRDM2
494,MMAA
495,GPRIN1
496,MAGI1
497,PRDM13
498,KIF23
499,SH3PXD2A
500,EXT1
501,NOTCH1
502,USP36
503,TET1
504,PCDH1
505,WDR35
506,STARD3
507,DSE
508,SMAP1
509,EPHA5
510,PRMT3
511,ZNF337
512,ABLIM2
513,CHRD
514,MITF
515,RFX4
516,CTNNA3
517,ARID5B
518,IPO5
519,CAMK2D
520,KIF5C
521,POLM
522,A2M
523,UBASH3A
524,CACNA1H
525,MYH1
526,RABEP2
527,GRIK2
528,CARD14
529,GNPTAB
530,RANBP3
531,DST
532,SLC38A1
533,GFRA2
534,GUSB
535,HELB
536,STAT1
537,PMEPA1
538,RC3H2
539,SCARA5
540,ABCB8
541,GLT8D1
542,ANGPT4
543,EEA1
544,TUFM
545,SLC38A4
546,EPB41L2
547,ABCB1
548,DLGAP2
549,TBC1D1
550,APOA1
551,LIMS2
552,SLC6A9
553,HDAC4
554,ACSF3
555,ACTR3B
556,COL4A2
557,ITGB4
558,NTRK3
559,CACNA2D1
560,MYH11
561,CNKSR1
562,CHRM2
563,HIVEP3
564,TBCD
565,TTYH2
566,SLAMF1
567,PLA2G4F
568,INPP5D
569,RBM6
570,ZFYVE9
571,RC3H1
572,BCAR1
573,CHRNB2
574,INTS2
575,TNRC6A
576,JAK1
577,LCA5
578,ZNF692
579,ZNF623
580,CDK13
581,KDM4A
582,TFAP2B
583,ZKSCAN1
584,MED13L
585,RTF1
586,ZKSCAN5
587,HERC2
588,MYO3A
589,BRD1
590,APLP2
591,STK10
592,RASGRP2
593,DOCK5
594,SIX6
595,TBX4
596,ELMO1
597,MOGAT3
598,WDFY3
599,TCF7L2
600,ESPL1
601,PKN1
602,NEB
603,PCDH10
604,COL16A1
605,FZD6
606,DOCK7
607,MCCC1
608,EML4
609,ADD1
610,DDX58
611,ALKBH5
612,MKKS
613,CDCA7
614,ENAH
615,IGFN1
616,HEPACAM2
617,BLVRA
618,FUK
619,PPFIA1
620,ABL1
621,GNA11
622,ETS2
623,ASPH
624,TNXB
625,HACE1
626,NCOR2
627,NR2E1
628,ATG7
629,ZCCHC8
630,ZNF148
631,SMAD2
632,BUB3
633,ARHGEF10L
634,FMNL3
635,MICALL2
636,SUSD4
637,COL11A1
638,TBX15
639,ITGA7
640,ASXL1
641,ECM1
642,RALGAPA2
643,CR1
644,ANK1
645,ADORA1
646,POU6F2
647,HLTF
648,ABCG1
649,CACNB2
650,SALL1
651,GK2
652,LHX4
653,RIMS2
654,PTPRG
655,PLXNA4
656,GLG1
657,GRK1
658,HTR1B
659,SRL
660,TBX5
661,MMP9
662,HKDC1
663,ATXN2L
664,FAM171B
665,SFI1
666,MSI2
667,AASS
668,RFWD3
669,PREP
670,ITPR2
671,EP300
672,ACAD9
673,SLC38A10
674,TAGAP
675,KIFC1
676,HOXA2
677,FPGS
678,PIGT
679,PASK
680,TACC1
681,SLC9A3
682,ZC3HAV1
683,GPC6
684,SPAG1
685,TRRAP
686,NR4A2
687,NEK8
688,TAF3
689,PFAS
690,DSC2
691,ONECUT2
692,TBC1D4
693,ITGA8
694,TRERF1
695,MYO15A
696,MCM5
697,USP32
698,FBLN2
699,TRIM42
700,IL27
701,RNF17
702,GABRB1
703,PLA2G4D
704,UBE3C
705,RP1
706,RFTN1
707,TJP1
708,MMP15
709,ZNF423
710,TCF25
711,LTBP3
712,PLXNB1
713,FURIN
714,NIPA1
715,ATP2C2
716,PCDH17
717,SOHLH2
718,LAMC2
719,OLFM2
720,LHCGR
721,RTN4
722,CNGA3
723,SETD1A
724,HK1
725,EBF1
726,P4HA3
727,ARAP1
728,TSNAXIP1
729,RAD54L2
730,CYFIP1
731,SPG7
732,HEG1
733,CAND2
734,ITGB1
735,MYO9B
736,MKRN3
737,GAP43
738,PDZRN3
739,ANO2
740,TRIOBP
741,CD8A
742,ABAT
743,CLPTM1L
744,PRLR
745,C1GALT1
746,HS6ST1
747,ZNF10
748,BNC1
749,DGKD
750,UVRAG
751,UBR4
752,MON2
753,PAN2
754,GRB10
755,PCCA
756,LAMC3
757,GAD1
758,SPATA13
759,LRIG1
760,ZNF3
761,CNDP1
762,FGD2
763,SEMA6D
764,RAI14
765,FAT3
766,LRP8
767,ECE1
768,SIRPB2
769,MAP2K3
770,EPHB3
771,CELSR1
772,PGAP1
773,DTX1
774,RHOT1
775,ZNF616
776,SPON1
777,SLC6A3
778,SLC1A3
779,CDH23
780,KIAA0319L
781,CHN1
782,ATF7IP
783,NINJ2
784,DEF6
785,EXOC6
786,NAP1L1
787,PDE2A
788,EEF1A1
789,ABCC4
790,KPRP
791,DNAJC14
792,RPS6
793,NPAS3
794,ITIH5
795,TACC2
796,GALNT6
797,ABLIM3
798,TAF5
799,DNM3
800,UPF2
801,CUX1
802,FRMD4A
803,CD200R1
804,LMO7
805,DHX30
806,CR2
807,RET
808,FCRL5
809,CASKIN1
810,COPB1
811,CHRNA4
812,RPTOR
813,DMRT2
814,RGS9
815,RAB11FIP1
816,FGFR2
817,OBSCN
818,ZDHHC5
819,SDCCAG8
820,TOX
821,PTK7
822,EYS
823,GABRB2
824,CDC73
825,CHD5
826,KCNH2
827,NCOR1
828,CLK2
829,TGM3
830,ESRRG
831,EEF2K
832,CYP4X1
833,WNT2B
834,TLR5
835,PREX1
836,VPS52
837,LPCAT1
838,JAKMIP1
839,LAMB3
840,PARP4
841,ARHGAP24
842,CEP135
843,VAC14
844,MATN2
845,MED25
846,ANO1
847,TSC2
848,SIRT7
849,SEC16A
850,DAB2
851,WDR75
852,MYO18A
853,CX3CR1
854,FDFT1
855,NF1
856,PKD1
857,CRISPLD2
858,ZNF519
859,LRRC4C
860,ZFAT
861,ANLN
862,TBL3
863,GNAS
864,MSX1
865,NLRP1
866,MYLK
867,FERMT1
868,GRM3
869,NUP93
870,KIAA0556
871,PCDHB16
872,PPP2R5D
873,FCGRT
874,GPT2
875,SLC22A11
876,AP3B1
877,EMILIN3
878,TELO2
879,MGAT4B
880,NTM
881,SEMA6A
882,TMPRSS6
883,ACACA
884,RYR1
885,SLK
886,MYH9
887,CALN1
888,ANKFY1
889,MAST4
890,BTAF1
891,GLI3
892,UTRN
893,STOX1
894,ANKS1A
895,ZNF467
896,BCR
897,VAV2
898,EVPL
899,RNF103
900,DCHS1
901,ANXA13
902,NFATC3
903,LTBP1
904,PARD3
905,MAST1
906,PNPLA8
907,HOXA1
908,TRA2A
909,COL14A1
910,MAVS
911,ABCC8
912,COL9A3
913,HNRNPM
914,SDK2
915,ANKRD26
916,SBF2
917,RUNX1
918,RP1L1
919,ACSBG1
920,SLC9A2
921,ERC1
922,PLXND1
923,NMD3
924,PANK4
925,ABCB11
926,F11R
927,POU2F1
928,IKZF1
929,ARHGAP11A
930,ZNF274
931,ALMS1
932,AGRN
933,MYO7A
934,LRRC32
935,CD5
936,LRRK1
937,INPP5B
938,AHRR
939,DNMT3B
940,AXIN1
941,HDLBP
942,AGAP3
943,PRKAA1
944,TTC3
945,PPP3CA
946,MAML2
947,GRM2
948,ARNT
949,CACNA1E
950,IRS1
951,SLTM
952,MTMR9
953,TLR3
954,WASF2
955,KLF7
956,BRDT
957,TGFBR3
958,HTR2A
959,PDZD2
960,EXO1
961,SPAG17
962,CTSF
963,NAV1
964,SLCO3A1
965,HNRNPA2B1
966,CUBN
967,G3BP1
968,CPEB1
969,EBF2
970,VIT
971,IL12RB2
972,DEPDC1
973,ACVR1B
974,GRAMD4
975,MYOM2
976,ATP2B4
977,TDRD3
978,ANXA3
979,FBXO17
980,ETS1
981,SLIT3
982,ENPP2
983,RLF
984,AATK
985,MASP1
986,SPEN
987,LNX1
988,SEPT9
989,KCNAB1
990,NRG1
991,MAPK10
992,PTPRM
993,RTKN
994,CLTCL1
995,TFAP2A
996,ERBB4
997,HNRNPF
998,CCNF
999,ROR1
1000,DLC1
1001,KIF13B
1002,ACTN2
1003,EXTL3
1004,VCAN
1005,UNC5C
1006,MPHOSPH8
1007,HDAC9
1008,PEX6
1009,TRIO
1010,WASL
1011,CDH7
1012,LEMD2
1013,AKAP9
1014,LAMA2
1015,LIMK1
1016,PDE4D
1017,ATOH1
1018,ELL2
1019,CACNA1D
1020,SNRNP200
1021,NR1H2
1022,FGF23
1023,APC2
1024,TDRD1
1025,ZBTB2
1026,MUC6
1027,SLC5A11
1028,GPLD1
1029,PRKD2
1030,CSE1L
1031,ZNF780A
1032,B4GALT5
1033,SREBF1
1034,SMTN
1035,SMCHD1
1036,GRIA4
1037,PSD3
1038,NMNAT2
1039,FLI1
1040,SIPA1L3
1041,SAAL1
1042,NRXN1
1043,C3
1044,CACNB1
1045,TBX3
1046,FAP
1047,MMP10
1048,BMPER
1049,COPS3
1050,MACF1
1051,KCNJ12
1052,ACY3
1053,AP1B1
1054,CD248
1055,IWS1
1056,PTCD3
1057,HERC4
1058,ANKS1B
1059,SMYD3
1060,KDM3A
1061,GSS
1062,RASIP1
1063,ACSS3
1064,TRIM29
1065,ABCB10
1066,PCSK4
1067,CASQ2
1068,HIPK2
1069,NCKAP1
1070,HSPG2
1071,CEP57
1072,AXL
1073,SETX
1074,HMGCR
1075,LTK
1076,PDE10A
1077,FGF18
1078,EVC
1079,BTRC
1080,P4HTM
1081,P2RX7
1082,SMAD3
1083,EPDR1
1084,R3HDM2
1085,SRPK2
1086,TFIP11
1087,MEIS2
1088,HK2
1089,MYB
1090,BEST1
1091,CHRNB3
1092,AEN
1093,ELAVL1
1094,NFRKB
1095,PPP2R3A
1096,BTN2A1
1097,NEUROD1
1098,DNAH7
1099,SERPING1
1100,SYTL3
1101,ARID1A
1102,AK5
1103,PTPN12
1104,RARB
1105,ICOS
1106,KIF17
1107,RFC4
1108,MAP3K10
1109,YLPM1
1110,INTS8
1111,COL6A2
1112,ANKRD28
1113,TAS1R2
1114,UMOD
1115,DNAJC2
1116,HNRNPL
1117,DSCAML1
1118,CACNA1B
1119,EDNRA
1120,UNC13A
1121,ATP2B2
1122,EIF4ENIF1
1123,SHANK1
1124,BBX
1125,PYGB
1126,RBM24
1127,ZNF394
1128,DARS
1129,GLUL
1130,NOP2
1131,HMBS
1132,WDR6
1133,PRDM14
1134,CLDND1
1135,RAB37
1136,ZNF536
1137,TGFBI
1138,CLCN6
1139,ALCAM
1140,FOXP4
1141,ZNF12
1142,CASS4
1143,C16orf91
1144,PKN2
1145,LRRC8D
1146,OBSL1
1147,SGSM3
1148,KLHL14
1149,SLC38A3
1150,MAPK8IP3
1151,POLR1B
1152,PRUNE2
1153,TUBB8
1154,PDE6B
1155,SLC17A7
1156,TULP4
1157,STK33
1158,GHR
1159,NRG2
1160,PTPRJ
1161,TLE3
1162,ARHGEF12
1163,CCDC39
1164,DNAH6
1165,EPHB2
1166,ARHGAP17
1167,EPHX1
1168,ELL3
1169,MX1
1170,PPOX
1171,ALS2CL
1172,ZNF304
1173,KIF22
1174,CAPRIN2
1175,SMAD4
1176,FGFR1
1177,SMC3
1178,NFATC2
1179,MYO7B
1180,HECW2
1181,ARHGAP28
1182,DAB2IP
1183,TCP10
1184,RASAL2
1185,FAF1
1186,DGKG
1187,APBA1
1188,MED23
1189,FAT1
1190,SMO
1191,HHATL
1192,SYNJ2
1193,DENND1A
1194,FBN2
1195,HAO1
1196,TFDP1
1197,SWAP70
1198,PIK3R6
1199,ZSCAN1
1200,PRKCE
1201,EEF1A2
1202,E2F8
1203,SUSD2
1204,DSN1
1205,KDM4B
1206,CASC3
1207,BFSP1
1208,SNX10
1209,DDX4
1210,IL22RA2
1211,SLC8A1
1212,NRIP1
1213,ZHX2
1214,ZNF419
1215,SYNPO2
1216,GPR161
1217,GMIP
1218,HIST1H1E
1219,PIAS2
1220,TNS3
1221,AACS
1222,LTBP2
1223,TSHZ2
1224,RINT1
1225,INTS1
1226,TMTC2
1227,FIGNL1
1228,FARS2
1229,SYNPR
1230,NUAK1
1231,AHCYL2
1232,LPIN1
1233,PIWIL2
1234,SLC12A4
1235,NLRP12
1236,RREB1
1237,PPFIA3
1238,GJA5
1239,HMGCS1
1240,ITGAV
1241,CHERP
1242,MAN2B1
1243,SPHKAP
1244,SKIV2L
1245,ZPLD1
1246,NUP43
1247,ZNF292
1248,ACSL6
1249,RIF1
1250,KIF27
1251,MYH10
1252,CCDC88A
1253,IFT172
1254,SULF2
1255,ZNF438
1256,GTPBP8
1257,INSR
1258,KCNB1
1259,RGS12
1260,CCDC40
1261,MYOCD
1262,ELOVL3
1263,ULBP3
1264,SLC39A14
1265,KDM3B
1266,ERCC3
1267,MAPT
1268,EHBP1
1269,INPPL1
1270,GRIN2C
1271,MGA
1272,CD109
1273,LRP1
1274,FAM120B
1275,COL9A1
1276,ST6GALNAC1
1277,ZNF652
1278,OPA1
1279,SLC8A2
1280,RTN3
1281,GRM5
1282,PTK2
1283,SDC1
1284,PPP1R13L
1285,AP3D1
1286,TSR1
1287,CALCRL
1288,RB1CC1
1289,SPAG5
1290,TRAF3IP3
1291,TLN2
1292,MRVI1
1293,PRPF40B
1294,POLD1
1295,KCNF1
1296,NNT
1297,MYRIP
1298,GABRA2
1299,PHLPP1
1300,PHLDA1
1301,RASGRP4
1302,HTR1E
1303,SMAD9
1304,SLC16A14
1305,TOX3
1306,CABLES1
1307,PPP4R2
1308,SLC9A1
1309,MMP25
1310,DDR2
1311,GUCY2D
1312,ACOXL
1313,SNX19
1314,PSMD11
1315,GLCCI1
1316,ERBB2
1317,ADRA1A
1318,PPTC7
1319,CWC22
1320,PAX3
1321,NFATC4
1322,SYNM
1323,GATA3
1324,ZNF549
1325,CLSPN
1326,GRIA2
1327,KRT2
1328,TCEA3
1329,PAX5
1330,LRP5
1331,DNAJC6
1332,DDR1
1333,HYAL2
1334,TMEM74
1335,XPO6
1336,FRMD4B
1337,CAPN10
1338,PDE1A
1339,LAMB1
1340,DUOX1
1341,ZNF420
1342,ENTPD4
1343,ASCC3
1344,ZNF574
1345,ADAMTS1
1346,SORBS1
1347,MPO
1348,ADAM11
1349,IFNA14
1350,SOCS6
1351,SPNS1
1352,CHPT1
1353,PRPF19
1354,PMS1
1355,ZNF800
1356,MYH15
1357,FXR1
1358,PAG1
1359,ATN1
1360,ARVCF
1361,RCBTB1
1362,HPX
1363,NOS3
1364,OXER1
1365,PSEN2
1366,TUBGCP6
1367,ZNF235
1368,CLEC4M
1369,BCL6
1370,P4HA1
1371,LAMA3
1372,SPAG16
1373,CILP
1374,ACP5
1375,DDX41
1376,CLIP1
1377,SH3D19
1378,HPS4
1379,AMOTL1
1380,FLT4
1381,TNKS1BP1
1382,POLE
1383,MAN2A1
1384,AIM2
1385,COPB2
1386,HVCN1
1387,FIGN
1388,PLAT
1389,NAV2
1390,LAMA4
1391,PHF1
1392,PPP1R15A
1393,CEP70
1394,CD47
1395,NUP205
1396,TRAF7
1397,SYT5
1398,NLGN1
1399,MATN4
1400,KIF1A
1401,SP1
1402,RALGAPB
1403,MYNN
1404,PKHD1
1405,SPEG
1406,ST14
1407,SFMBT2
1408,RAF1
1409,PEAR1
1410,ZNF461
1411,GCKR
1412,TLL1
1413,MED12L
1414,MYH6
1415,DNPEP
1416,CLCN7
1417,EXOC6B
1418,NPR1
1419,CAMKK2
1420,MTA2
1421,BCAN
1422,FKBP8
1423,TNFRSF8
1424,GON4L
1425,P2RY1
1426,AJAP1
1427,POU4F2
1428,E2F1
1429,FER
1430,CACNA1C
1431,ACBD5
1432,TUBA1C
1433,ATP2B1
1434,SCN2A
1435,TSPAN11
1436,NHLRC1
1437,TSEN2
1438,FAM71B
1439,PIK3CG
1440,CEP63
1441,ZNF443
1442,HECW1
1443,CHD6
1444,BRIP1
1445,GRIN3B
1446,DAGLA
1447,CORO6
1448,NCAPG2
1449,ALDH3A1
1450,KATNAL1
1451,LIMK2
1452,KIRREL2
1453,EVI5
1454,KIF11
1455,CRTAC1
1456,PIK3C3
1457,CBLB
1458,KHSRP
1459,ABCF1
1460,KEAP1
1461,MYOM1
1462,SLC43A3
1463,OPRM1
1464,ACTN4
1465,UPP1
1466,HOXB3
1467,MUC5B
1468,NEDD9
1469,BAZ1B
1470,MTMR12
1471,UNC45A
1472,SGPL1
1473,FMO1
1474,KDM5B
1475,MAP4K4
1476,ESYT1
1477,FANCA
1478,ZFYVE28
1479,INTS6
1480,NELL1
1481,GCLC
1482,ADNP
1483,TMCO3
1484,SCARB1
1485,IFIH1
1486,KDR
1487,LGI1
1488,ACVR2A
1489,HNRNPU
1490,ZMIZ1
1491,PTPN4
1492,TSHZ1
1493,PTPRT
1494,OGDHL
1495,FGFR4
1496,ADAM33
1497,ZFP57
1498,CATSPER4
1499,SULF1
1500,USP7
1501,CHD9
1502,ARFGAP1
1503,CLASP1
1504,JUN
1505,EPS15
1506,DIXDC1
1507,FAM172A
1508,TAOK3
1509,TSHZ3
1510,HSF5
1511,PDE1C
1512,TMEM87B
1513,MSH2
1514,TUBGCP2
1515,SLC37A1
1516,PPM1B
1517,TRIM10
1518,CSRNP2
1519,STXBP1
1520,CUL7
1521,GRIK5
1522,PSIP1
1523,PTDSS2
1524,GOLGA4
1525,BCL2L11
1526,TAPT1
1527,SSH2
1528,PRDM1
1529,LMNB2
1530,ARHGEF7
1531,TTYH1
1532,HGD
1533,NAMPT
1534,SYNPO2L
1535,CHUK
1536,SMARCA5
1537,NPAS2
1538,FZD2
1539,NPTXR
1540,PACS1
1541,PXK
1542,EIF2AK1
1543,BICD2
1544,USH2A
1545,DNHD1
1546,FARP2
1547,PTPN23
1548,NUP133
1549,PADI2
1550,USH1C
1551,SHPRH
1552,IMPDH2
1553,TUBGCP3
1554,PLEKHM1
1555,ESF1
1556,CPT1A
1557,MDC1
1558,USP33
1559,EFEMP2
1560,HTR3D
1561,DSCAM
1562,CREB5
1563,NBEAL2
1564,ALDOB
1565,APC
1566,ANKLE2
1567,SMYD1
1568,REG1B
1569,PLK2
1570,CADPS
1571,ATP8B2
1572,ABCC5
1573,RGS20
1574,EIF4G3
1575,TCHH
1576,KRAS
1577,RSBN1
1578,ERN2
1579,ZFP64
1580,BBS9
1581,PUS1
1582,DQX1
1583,C2
1584,CCAR1
1585,PHACTR3
1586,ACPP
1587,FNDC3B
1588,NLRC5
1589,FNDC3A
1590,TYK2
1591,DBN1
1592,CXCR4
1593,ADRA2B
1594,ZBTB24
1595,CNTN1
1596,KIF7
1597,PIGG
1598,ANO9
1599,TBX20
1600,MEFV
1601,POM121
1602,WDR11
1603,ADCY8
1604,ESR1
1605,PPFIA2
1606,FADS2
1607,LRP1B
1608,CNOT2
1609,COG3
1610,METTL14
1611,KMO
1612,TM9SF3
1613,KPNB1
1614,PLK4
1615,PPARA
1616,VRK2
1617,HDDC2
1618,CMYA5
1619,PRKCQ
1620,TIAM1
1621,CHN2
1622,NDUFAF1
1623,SIM2
1624,LONP2
1625,B4GALNT2
1626,ELF1
1627,SEZ6L
1628,ZNF770
1629,MSH6
1630,PCSK2
1631,FAM161A
1632,FBXO7
1633,RTEL1
1634,IGDCC4
1635,ANAPC7
1636,CNDP2
1637,SS18
1638,ZMYND8
1639,WNT7A
1640,RFX7
1641,KIF19
1642,CCNE2
1643,SHC4
1644,CCHCR1
1645,TBL1XR1
1646,NR3C1
1647,PTHLH
1648,FHOD1
1649,KCNQ4
1650,LEPR
1651,VPS33A
1652,ZBED4
1653,RHBDF2
1654,EPRS
1655,ZNF76
1656,IRGC
1657,EGR2
1658,SNCAIP
1659,DUSP16
1660,OTOP3
1661,PTCH1
1662,ARID3B
1663,ADAMTS7
1664,FANCI
1665,PDE1B
1666,GH2
1667,BCL6B
1668,SLC25A39
1669,SAMHD1
1670,ING1
1671,NOP14
1672,LAMC1
1673,RAD54L
1674,ADAMTS5
1675,ERCC4
1676,DDC
1677,CPSF6
1678,DHX58
1679,SCN3B
1680,SLC4A4
1681,SIX4
1682,HSP90AB1
1683,FBN1
1684,BOC
1685,CADPS2
1686,TAOK1
1687,ACTR8
1688,PARP1
1689,MYBPC2
1690,ZNF366
1691,TCF4
1692,CHD8
1693,SSX2IP
1694,DYNC1H1
1695,PCSK6
1696,SPOCK2
1697,COL13A1
1698,IVNS1ABP
1699,PALLD
1700,PTPRA
1701,PPP1R13B
1702,LRP12
1703,MBD6
1704,MINK1
1705,ZNF606
1706,FBXL7
1707,TNR
1708,TTLL4
1709,DIP2B
1710,RPS6KC1
1711,MAPKAP1
1712,SLC39A5
1713,L3MBTL4
1714,SPRY1
1715,ACTG1
1716,ESYT3
1717,APOB
1718,ZNF471
1719,IL1RL2
1720,ALOX5
1721,GPR63
1722,KRT72
1723,POLR3A
1724,SAMD4A
1725,MRC2
1726,MAD2L1
1727,TAF2
1728,CSPG4
1729,PDYN
1730,ZNF544
1731,SORT1
1732,ADCY1
1733,AHNAK
1734,NRXN3
1735,WIPI1
1736,KIF5B
1737,PSMC6
1738,CEP192
1739,HJURP
1740,GGNBP2
1741,ADH1C
1742,RASGRF1
1743,STAT5A
1744,PTGS2
1745,AKAP13
1746,SLC43A2
1747,ERCC5
1748,MTHFD1
1749,PRCC
1750,PITX2
1751,LIPG
1752,PER1
1753,MAP3K7
1754,MYT1
1755,TJP2
1756,TM9SF2
1757,GMPS
1758,TSPAN12
1759,FAAH
1760,MAGI3
1761,GRB7
1762,KIAA1217
1763,NOTCH4
1764,TDRD9
1765,PLCG2
1766,MCRS1
1767,ITCH
1768,FMO2
1769,BAK1
1770,HTRA1
1771,PCLO
1772,APPL2
1773,RBM27
1774,ERAP2
1775,MTIF2
1776,ST3GAL3
1777,ECHDC1
1778,ZNF598
1779,NARF
1780,ZNF83
1781,BAZ2B
1782,PFKFB4
1783,QARS
1784,KIF9
1785,PIKFYVE
1786,PCDHA1
1787,STK17B
1788,KDM2B
1789,PROM1
1790,SPTBN1
1791,ZNF48
1792,KCNQ3
1793,AFTPH
1794,BFAR
1795,STK11IP
1796,RAB3GAP1
1797,MUC4
1798,LLGL2
1799,TUBB2B
1800,CAMTA2
1801,PAPOLA
1802,LTF
1803,TBC1D15
1804,CTCF
1805,PTGER2
1806,KCND3
1807,ARID2
1808,ZNF624
1809,ABCB6
1810,ZNF513
1811,CHTF18
1812,MYLK2
1813,NOP58
1814,FBL
1815,RBM25
1816,CCDC88C
1817,XRCC5
1818,ZNF74
1819,FERMT2
1820,NXF1
1821,ATP8B3
1822,TWISTNB
1823,LRP2
1824,EZH1
1825,PDIA4
1826,NBEA
1827,PPP1R9A
1828,SEC31B
1829,PHLPP2
1830,GAD2
1831,TRIM24
1832,FLNC
1833,INO80
1834,CFTR
1835,PRKCB
1836,ELL
1837,SLC7A9
1838,PKNOX2
1839,INO80D
1840,AFAP1L2
1841,PLEKHH1
1842,XBP1
1843,LRRN1
1844,RAD18
1845,IL17RD
1846,SCN5A
1847,FOXA1
1848,CLASP2
1849,GABRG3
1850,MYPN
1851,ASPA
1852,MCOLN1
1853,ITIH1
1854,CHRNA1
1855,SLC25A18
1856,SEMA3C
1857,LIN54
1858,PPP4R4
1859,TRAK1
1860,HELZ
1861,PARD3B
1862,ROBO1
1863,ATP2A2
1864,MAP4
1865,PALM2
1866,SIDT2
1867,KIF14
1868,TECPR1
1869,SNAPC1
1870,RGS8
1871,KCNB2
1872,ZNF648
1873,CTTNBP2NL
1874,SYNE2
1875,SCCPDH
1876,MYF6
1877,SLC12A6
1878,IPCEF1
1879,ZNF773
1880,TPST1
1881,UBAP1
1882,PLCH1
1883,NTNG1
1884,MRPL38
1885,ARHGEF1
1886,DNASE2
1887,GPI
1888,TRIM33
1889,ETV5
1890,RBPJL
1891,AVPR1B
1892,PRELP
1893,LRRFIP1
1894,FUS
1895,SYT6
1896,PKLR
1897,MX2
1898,ITGAM
1899,MLLT10
1900,IL10RB
1901,NID2
1902,SLC45A4
1903,KLK5
1904,EEF2
1905,AGAP2
1906,WNT5B
1907,KAT2B
1908,AKAP8
1909,TTLL7
1910,SNX14
1911,USP48
1912,G2E3
1913,SH2B1
1914,SERPINF1
1915,KRT75
1916,SF3B2
1917,AGTPBP1
1918,CAPN2
1919,PDS5A
1920,PTGER3
1921,SRGAP1
1922,ZNF611
1923,CHRM3
1924,COL5A3
1925,ZNF480
1926,DUSP10
1927,ABCA2
1928,HIPK1
1929,PLB1
1930,XAB2
1931,SNX9
1932,ADD2
1933,TOX2
1934,RASA2
1935,RGS6
1936,SLC2A13
1937,GRIN2B
1938,IL6R
1939,PTPRR
1940,PIP5K1C
1941,TRPM8
1942,BDP1
1943,ZIM3
1944,SRGAP2
1945,KCNJ2
1946,CD55
1947,ZIK1
1948,TRAF3IP1
1949,SERPINA1
1950,KLK3
1951,BAX
1952,LPIN2
1953,ABCA5
1954,DAAM1
1955,ACTB
1956,IQUB
1957,PPFIA4
1958,ESRP2
1959,PRDM15
1960,WNK2
1961,CTNND2
1962,ACACB
1963,ENGASE
1964,MDGA1
1965,VWF
1966,GNB3
1967,LIG1
1968,MEIS1
1969,HOXA5
1970,PTGFRN
1971,IL22RA1
1972,UQCRC2
1973,DGCR2
1974,GIMAP5
1975,INF2
1976,ELN
1977,PCDH18
1978,SEC24D
1979,UGGT1
1980,SOX13
1981,PTPRS
1982,TIMELESS
1983,WDR33
1984,PLEKHH2
1985,ENTPD7
1986,UMPS
1987,DGKE
1988,OTX2
1989,PLXNA2
1990,EIF2AK4
1991,IFT88
1992,PTPRZ1
1993,NRP1
1994,ABCC2
1995,CCDC61
1996,PDS5B
1997,PITRM1
1998,LOXL3
1999,ALG10
2000,CTTNBP2
2001,SIGLEC7
2002,NEBL
2003,KIFC3
2004,GRID2
2005,GP5
2006,KCNA1
2007,SCARA3
2008,STAG1
2009,ZNF526
2010,ZNF114
2011,ASXL2
2012,LANCL2
2013,DLG2
2014,ITGA9
2015,NEK1
2016,TNFAIP3
2017,ZNF263
2018,HPSE
2019,EGR1
2020,RPH3A
2021,HTR5A
2022,KCNQ5
2023,FMNL1
2024,ZNF93
2025,HEATR1
2026,RUFY2
2027,WDR19
2028,UGT8
2029,TLE2
2030,TRDMT1
2031,GPSM2
2032,TNIK
2033,PLBD2
2034,ARAP2
2035,DYNC1I1
2036,ZNF200
2037,BBS2
2038,TEX2
2039,FOXJ3
2040,SCPEP1
2041,RAPGEF4
2042,SF3B3
2043,FZD9
2044,PRKCG
2045,ATP8B4
2046,RALBP1
2047,TMCC3
2048,GPR137B
2049,SPTBN2
2050,ASPHD2
2051,ABCA7
2052,SERTAD3
2053,MAML3
2054,CORIN
2055,KIR2DL4
2056,TRAF3
2057,SPTAN1
2058,GDF9
2059,HSPA2
2060,IBTK
2061,ZP2
2062,NOL4
2063,HS3ST2
2064,INTS5
2065,ALS2
2066,FLT1
2067,HRNR
2068,ANKRD17
2069,TRIM36
2070,PHC2
2071,SLC8A3
2072,KLHDC3
2073,KIF1B
2074,HNRNPR
2075,FBXL5
2076,TLE1
2077,NIN
2078,KLHL24
2079,SACS
2080,MCOLN3
2081,RYR3
2082,DNM1
2083,CNNM2
2084,SV2B
2085,FBXO15
2086,ZNF276
2087,SF3B1
2088,ANXA4
2089,CTR9
2090,MYCBPAP
2091,PIK3CA
2092,SEC14L1
2093,SEC61A1
2094,HHAT
2095,CHL1
2096,HIST1H1C
2097,GALNT7
2098,ERBB3
2099,SLC4A7
2100,SRGAP3
2101,ENPP7
2102,DLG1
2103,CKAP2L
2104,CELSR2
2105,MTOR
2106,ATXN2
2107,TARBP2
2108,KCNG4
2109,ATR
2110,MGAT5
2111,CNTN4
2112,FGD6
2113,UBQLN4
2114,PTPRU
2115,PRRX1
2116,SERPINA5
2117,LDLR
2118,ABCB4
2119,RNF19A
2120,BMP1
2121,SEMA3A
2122,ADAM12
2123,IPO8
2124,NT5E
2125,MTPAP
2126,PARP14
2127,ENTPD6
2128,TFEC
2129,RPS6KB2
2130,LRRCC1
2131,AFF4
2132,TIAM2
2133,DCAF5
2134,DBR1
2135,CDC14A
2136,GPR155
2137,SEPT4
2138,ZNF678
2139,HORMAD1
2140,RBM28
2141,CIITA
2142,SYNCRIP
2143,ROR2
2144,TMEM161B
2145,TRIM25
2146,DRD5
2147,CLMN
2148,NDUFV3
2149,NECAB1
2150,OTUD7B
2151,ARSB
2152,BAHD1
2153,GPR142
2154,RECQL5
2155,KCNJ10
2156,MCPH1
2157,MANBA
2158,ATP9A
2159,MYH7B
2160,EXOC7
2161,NPY2R
2162,REST
2163,URGCP
2164,DIDO1
2165,SGK1
2166,RBBP5
2167,PIGR
2168,DNAH2
2169,PPARGC1B
2170,RGS16
2171,PPP1R3A
2172,F10
2173,MYH4
2174,ANXA6
2175,DHCR24
2176,CNGB1
2177,ZBTB44
2178,MTF1
2179,COX10
2180,SCML4
2181,CASP8
2182,PCDHB2
2183,ATG16L2
2184,ANAPC1
2185,EHD3
2186,RXFP3
2187,SYT2
2188,CSF1R
2189,ANXA11
2190,RNF14
2191,KALRN
2192,RUFY3
2193,CYFIP2
2194,KCNC2
2195,CHRM1
2196,NFKB2
2197,MDN1
2198,EIF3B
2199,PITPNM2
2200,CDCA7L
2201,IRF6
2202,ERG
2203,FAT4
2204,CLUAP1
2205,TOPBP1
2206,ISL1
2207,UBE4B
2208,CLCA1
2209,FLYWCH1
2210,SEMA4G
2211,SLCO1B1
2212,KCNA3
2213,VCL
2214,CD5L
2215,TRIM71
2216,PAK4
2217,PTBP1
2218,RBM19
2219,GALNT3
2220,PHKB
2221,SOS1
2222,ZNF254
2223,MBNL2
2224,XYLT1
2225,FOXJ2
2226,STAT4
2227,CDKL4
2228,F2R
2229,RTN2
2230,HIST3H3
2231,CLEC4A
2232,GRID1
2233,TEC
2234,PIK3R3
2235,SLC14A1
2236,NIPBL
2237,NTRK2
2238,CECR2
2239,NET1
2240,PRKACA
2241,ZNF335
2242,GALNT13
2243,NCOA2
2244,EYA3
2245,MYO10
2246,ADSS
2247,FUBP1
2248,LBR
2249,ZFP36L1
2250,IMMT
2251,TP53BP2
2252,ASL
2253,IGSF8
2254,ZNF324B
2255,KLC1
2256,HAS1
2257,STRN3
2258,KIAA1324L
2259,IL7R
2260,POU2F2
2261,PML
2262,CEP120
2263,ZDHHC22
2264,CNOT3
2265,PDIA5
2266,NAA25
2267,TRIM55
2268,RPS6KA1
2269,RPS6KL1
2270,GPC2
2271,XPOT
2272,GTF3C1
2273,CORO2B
2274,PLIN1
2275,TEAD4
2276,KRT3
2277,TGM5
2278,MR1
2279,PCDHB3
2280,RBP3
2281,OPLAH
2282,HIST1H3B
2283,CALD1
2284,ITGA6
2285,LIPE
2286,CNN1
2287,NF2
2288,KDM2A
2289,DOCK3
2290,IPO9
2291,GTPBP3
2292,RIMS1
2293,BMP3
2294,GIMAP8
2295,CPAMD8
2296,DICER1
2297,CAD
2298,PPM1F
2299,GLP2R
2300,DOCK2
2301,ZNF283
2302,DIAPH1
2303,OXCT1
2304,MTO1
2305,TXNDC11
2306,TCF3
2307,KIF24
2308,RASAL3
2309,SBF1
2310,GABRA4
2311,TLL2
2312,PRKG2
2313,ZNF646
2314,SATB1
2315,BCL3
2316,LRCH3
2317,DSP
2318,FLII
2319,CHGB
2320,AKAP6
2321,MED15
2322,FHOD3
2323,SMG1
2324,SGSM1
2325,RECQL4
2326,SCUBE2
2327,SEPT1
2328,ZMYM5
2329,MAML1
2330,RBM39
2331,SIK3
2332,MYBL2
2333,ARFGEF1
2334,BTD
2335,STAB1
2336,SIN3A
2337,ENAM
2338,CNST
2339,CGNL1
2340,JAK3
2341,KIF6
2342,HEPHL1
2343,ZNF786
2344,LY75
2345,ART5
2346,ROBO3
2347,TLK1
2348,EXOC2
2349,E4F1
2350,IL31RA
2351,CNOT1
2352,ZNF716
2353,MDM2
2354,OLFM4
2355,MINPP1
2356,CDC42BPB
2357,CPT2
2358,EAPP
2359,GAB2
2360,LGR5
2361,SPOCK1
2362,CARS
2363,SUOX
2364,ELAC2
2365,TUBB1
2366,TCP11
2367,PLTP
2368,TEX14
2369,RASAL1
2370,VPS53
2371,FREM2
2372,LRRC1
2373,BUB1
2374,CTNNA1
2375,TBX18
2376,AMPD3
2377,CDC25C
2378,CLCA4
2379,C1orf116
2380,GRHL3
2381,SEMA4D
2382,PICALM
2383,IL1RAP
2384,CAMK2A
2385,EDAR
2386,TMC8
2387,MICAL1
2388,ZNF638
2389,IGF2BP2
2390,XIRP1
2391,DCPS
2392,HLCS
2393,GRXCR1
2394,CSPP1
2395,RPL3L
2396,ACO1
2397,ANK2
2398,PLCD4
2399,NUP214
2400,KIF2A
2401,TBC1D9B
2402,SMURF1
2403,RUNX2
2404,PHLDB2
2405,STXBP5
2406,SLC22A9
2407,ABCC6
2408,DNTTIP2
2409,RTN1
2410,MYH2
2411,NPLOC4
2412,SLC30A1
2413,GRN
2414,MTMR6
2415,PLCG1
2416,HSD17B2
2417,ITGA11
2418,CEP164
2419,EPB41L5
2420,TTC21B
2421,SLC25A13
2422,LIG3
2423,NRG3
2424,SLC26A5
2425,DDX42
2426,NRP2
2427,AKAP12
2428,TRPC4AP
2429,EPB41L1
2430,UBXN4
2431,SLC40A1
2432,SLC12A2
2433,ATP6V0A2
2434,KCNK18
2435,GP2
2436,EYA4
2437,PRMT7
2438,RPN1
2439,ITGB2
2440,WT1
2441,LPGAT1
2442,SEL1L
2443,AFF1
2444,HIST1H2AL
2445,SCD5
2446,PATL1
2447,KCNA6
2448,TACC3
2449,SSH1
2450,EOMES
2451,DSG4
2452,ISLR2
2453,ECE2
2454,SALL3
2455,MAP3K11
2456,FBXW7
2457,PCMTD2
2458,RANBP17
2459,ZNF496
2460,DNAJC3
2461,HLF
2462,NPHS1
2463,ADCY7
2464,WWC1
2465,ANO3
2466,MLH3
2467,PITPNM1
2468,SLC12A3
2469,LGALS14
2470,ROCK1
2471,GOLIM4
2472,SEC61A2
2473,MRAP
2474,SOX5
2475,SLC6A17
2476,NR1H4
2477,SMARCAL1
2478,MYH7
2479,LILRA4
2480,PPP2R5B
2481,CDC42BPG
2482,LPCAT4
2483,STRN
2484,VCP
2485,TXNDC5
2486,P4HA2
2487,WWP1
2488,HCN4
2489,N4BP1
2490,ZNF71
2491,ITGA5
2492,POLA2
2493,AOX1
2494,ZP3
2495,MFAP1
2496,NT5C1B
2497,RRP12
2498,LLGL1
2499,TRPM2
2500,TKTL2
2501,RAB11FIP2
2502,KCNJ8
2503,IDH1
2504,ECEL1
2505,PCDHB7
2506,SYDE2
2507,ACSL3
2508,RRM1
2509,AMPH
2510,SCUBE1
2511,IPP
2512,MCM10
2513,AHNAK2
2514,SNRPN
2515,CCDC15
2516,CNTN2
2517,PTPN13
2518,UACA
2519,ASNS
2520,ADCY5
2521,STIM1
2522,COL5A2
2523,SPTLC1
2524,SSRP1
2525,CDH1
2526,IL1RL1
2527,ZNF500
2528,EML1
2529,AP2A2
2530,MC3R
2531,POFUT2
2532,KCNJ6
2533,DGUOK
2534,BTN3A3
2535,AAK1
2536,CIT
2537,PC
2538,PAX2
2539,DLG5
2540,SNX8
2541,LATS1
2542,FAF2
2543,SPOPL
2544,TTC25
2545,ATIC
2546,NOTCH3
2547,TEK
2548,APP
2549,PRKDC
2550,RPGRIP1
2551,TRPC1
2552,SLC7A14
2553,EVC2
2554,COL2A1
2555,FASN
2556,MYH14
2557,IPO13
2558,ZNF324
2559,ZBTB16
2560,BRD3
2561,NAALADL2
2562,CCR1
2563,USP47
2564,AARS
2565,SORBS3
2566,FST
2567,RGS3
2568,GAN
2569,ENC1
2570,CNOT10
2571,PRDM8
2572,FOXP2
2573,TNPO1
2574,NRF1
2575,RNF41
2576,KL
2577,IL5RA
2578,ZNF578
2579,PROC
2580,SKA1
2581,MAP3K1
2582,BLM
2583,TRIB2
2584,PEX5L
2585,TMEM209
2586,GPR84
2587,CDH16
2588,ZNF266
2589,LRRN2
2590,ZNF585A
2591,SLC34A2
2592,DSG1
2593,STAT3
2594,KCND2
2595,HNRNPUL1
2596,TFR2
2597,TRIM28
2598,DIS3L
2599,CMAS
2600,HNF1A
2601,PSD
2602,EIF2S2
2603,CSNK1E
2604,DNMT1
2605,RGS14
2606,CSGALNACT2
2607,DNAH1
2608,ZBTB5
2609,ATL3
2610,POLQ
2611,HBP1
2612,KLF11
2613,TRPS1
2614,ZNF662
2615,NFE2L2
2616,PRKAG3
2617,ACOX3
2618,AQP10
2619,EPHA3
2620,TSG101
2621,KRT17
2622,CRP
2623,FLAD1
2624,RHOA
2625,RGS4
2626,ZBTB22
2627,LY9
2628,ARID3C
2629,LIFR
2630,RNF40
2631,VWCE
2632,ADORA2A
2633,PHRF1
2634,SSH3
2635,ANAPC5
2636,CYTH4
2637,NEK11
2638,MYO3B
2639,TNRC6B
2640,SLC17A2
2641,TRPM4
2642,ZNF829
2643,TPCN2
2644,EML5
2645,TP53BP1
2646,LYST
2647,ALPK3
2648,MED16
2649,PILRB
2650,PIK3R5
2651,PKD2L1
2652,PODN
2653,ZNF207
2654,NOS2
2655,TANC1
2656,CC2D1B
2657,PCDHB11
2658,ILF3
2659,FRAS1
2660,CDYL
2661,PHF12
2662,PROS1
2663,PPIL2
2664,HDAC11
2665,SRPRB
2666,CEP170
2667,SATB2
2668,MCOLN2
2669,SART1
2670,NFASC
2671,EFR3A
2672,CTSE
2673,VAV3
2674,FAM129A
2675,VASH1
2676,KANK1
2677,CHST1
2678,SIGLEC1
2679,SEC24B
2680,SPATA18
2681,EIF5B
2682,RAB11FIP5
2683,SEC13
2684,SLC37A4
2685,AXIN2
2686,PIK3CD
2687,LUZP1
2688,BBS10
2689,CHSY1
2690,ZNF687
2691,CD86
2692,ZNRF4
2693,ABCA4
2694,NPHP1
2695,REL
2696,PICK1
2697,NTRK1
2698,SCN4A
2699,ATP2C1
2700,ANKRD27
2701,USP8
2702,SNTB1
2703,POGZ
2704,ANGPT1
2705,SPOP
2706,IQGAP1
2707,CTNNBL1
2708,SLC10A1
2709,ATP1A2
2710,DPP8
2711,INCENP
2712,ZNF518A
2713,SELP
2714,POLR3E
2715,FEZ1
2716,EGFR
2717,TMEM63A
2718,CYP24A1
2719,DLGAP4
2720,CELSR3
2721,ZNF512
2722,ITSN1
2723,PRKCD
2724,PARVA
2725,USO1
2726,ZNF334
2727,CLEC10A
2728,SGCD
2729,MGAM
2730,CD19
2731,SEMA4F
2732,SHROOM3
2733,FZD1
2734,TMTC1
2735,MAN2A2
2736,TMEM143
2737,ZNF714
2738,GRIN2D
2739,ARID1B
2740,EPHA1
2741,FLRT2
2742,SMARCA2
2743,KCNJ16
2744,PEG10
2745,DMBT1
2746,ACE
2747,APLP1
2748,UBR3
2749,GJA1
2750,CERKL
2751,BCAT1
2752,PRDM5
2753,APCDD1
2754,BRPF3
2755,CDC5L
2756,ZNF835
2757,HCN3
2758,ZMYM2
2759,UPF1
2760,C6orf89
2761,CACNA1G
2762,MMP14
2763,GORAB
2764,SCAF1
2765,BRAF
2766,PHF20
2767,PACSIN2
2768,ACTN3
2769,MYO1A
2770,SENP6
2771,ISX
2772,RFX3
2773,TRHDE
2774,ADAR
2775,ERCC2
2776,GRHL2
2777,DPYSL5
2778,TSKS
2779,KIF21B
2780,SOX9
2781,NASP
2782,TMEM214
2783,RBAK
2784,MRI1
2785,PCDH7
2786,KIR3DL2
2787,SLC7A7
2788,GZF1
2789,SPI1
2790,HTT
2791,PSMD1
2792,BCLAF1
2793,ITK
2794,HIF3A
2795,ADCYAP1R1
2796,CDK7
2797,MADD
2798,EHD2
2799,NPBWR1
2800,FOXN1
2801,CHD1L
2802,NUP210
2803,CPSF1
2804,GIGYF1
2805,CDK5RAP2
2806,NMUR2
2807,ALDH1L1
2808,NPC1L1
2809,HAND2
2810,DYNC2H1
2811,DOCK4
2812,MPP3
2813,SPPL2B
2814,LAMA5
2815,CLU
2816,OGDH
2817,UNC13D
2818,IL12RB1
2819,SLC4A2
2820,PTPRO
2821,ATF2
2822,TC2N
2823,PPP1R12A
2824,ZNF440
2825,NAALAD2
2826,PDPR
2827,GRIK3
2828,NCF2
2829,RELA
2830,LYN
2831,TJP3
2832,NEFM
2833,EDC4
2834,PRKD1
2835,ICK
2836,ETV3L
2837,FGG
2838,PLEKHG2
2839,SMTNL1
2840,NBPF1
2841,RNF6
2842,EPB41L4B
2843,NCOA3
2844,MSH3
2845,ATP4A
2846,ZNF587
2847,TRPA1
2848,PLVAP
2849,SNX25
2850,FCRL4
2851,CEP250
2852,C7
2853,PRPF4B
2854,CRY2
2855,VIL1
2856,DYRK1A
2857,ZNF665
2858,LGR4
2859,HIST1H4D
2860,GRIK1
2861,TRIM4
2862,BMPR2
2863,F13A1
2864,HSPH1
2865,OXSM
2866,BCL9L
2867,LAMB2
2868,VCPIP1
2869,GIMAP1
2870,UBXN2B
2871,ZNF551
2872,SAP130
2873,ZSCAN22
2874,NFKBIZ
2875,SLC5A5
2876,SORL1
2877,TRIM3
2878,PFKM
2879,IVD
2880,NT5DC3
2881,ENPP1
2882,GLYR1
2883,LETM1
2884,GALNTL5
2885,CD44
2886,RAPGEF6
2887,NAT10
2888,LZTS1
2889,GPR37
2890,PRDM9
2891,CSNK1A1L
2892,KCNK16
2893,PGR
2894,MMP16
2895,DUOX2
2896,ZNF16
2897,TCEA1
2898,VPS11
2899,TCOF1
2900,IREB2
2901,TSHR
2902,YEATS2
2903,RHOBTB3
2904,PTPN5
2905,ZNF217
2906,MAP3K13
2907,SH3BP1
2908,MPRIP
2909,NUDT13
2910,PTCRA
2911,MRPS18B
2912,SETD2
2913,SV2A
2914,SEL1L3
2915,ODF2L
2916,RGS7
2917,PZP
2918,GRIP2
2919,NLRX1
2920,GOPC
2921,VSTM1
2922,MBD1
2923,ZBTB10
2924,DDX1
2925,SCYL3
2926,MBTPS1
2927,TLK2
2928,ADCY3
2929,SLITRK1
2930,EMB
2931,MFF
2932,TPTE2
2933,HSPA5
2934,UBASH3B
2935,SCFD1
2936,ATG16L1
2937,PNKD
2938,TBC1D2
2939,GCC2
2940,CDKN1B
2941,CPD
2942,ZNF572
2943,DCTN1
2944,COL5A1
2945,ZNF34
2946,RARG
2947,BACH2
2948,ACLY
2949,PIWIL1
2950,OTUD7A
2951,TRPC4
2952,MBIP
2953,KCNT2
2954,ZNF397
2955,GFAP
2956,FRMD6
2957,CLCA2
2958,SERPINC1
2959,ZNRF3
2960,FMN1
2961,ZNF582
2962,KLK15
2963,ARHGEF17
2964,AHCTF1
2965,RABEP1
2966,PKP4
2967,TG
2968,SPRED1
2969,MICALL1
2970,WASF3
2971,KIAA1324
2972,CAMK4
2973,MAN2B2
2974,DDX46
2975,CARD6
2976,MPP4
2977,PADI4
2978,AGL
2979,SENP7
2980,SCN10A
2981,IRAK2
2982,SLC18A1
2983,LCP1
2984,SLC4A8
2985,RAB3GAP2
2986,ZNF234
2987,HOXB13
2988,DNAH3
2989,BRF1
2990,CLCN2
2991,GEMIN4
2992,CDH17
2993,YTHDC1
2994,CDC6
2995,ZNF626
2996,SMG7
2997,MEGF10
2998,NCKAP1L
2999,DPAGT1
3000,NOTCH2
3001,ARHGAP29
3002,ALDH1A1
3003,RAD50
3004,XPR1
3005,NTHL1
3006,RPP40
3007,EIF4G1
3008,RAD21
3009,PRPF3
3010,EPC1
3011,FASTKD2
3012,IL1R2
3013,PPHLN1
3014,TNNT3
3015,POLR2A
3016,CHD1
3017,STAU1
3018,BTNL8
3019,GPR162
3020,MSL2
3021,KCNV1
3022,DHTKD1
3023,BAZ1A
3024,ATP1A1
3025,ZFYVE1
3026,PSMD3
3027,ACOT4
3028,BTN3A1
3029,KRT34
3030,C5
3031,STAM2
3032,LRRC8A
3033,SERINC2
3034,MYOF
3035,ZC3H7B
3036,PKP2
3037,CCNA2
3038,IL15
3039,KTN1
3040,PABPC4
3041,ARHGAP12
3042,SUPT6H
3043,RNF182
3044,SERINC1
3045,SEC23B
3046,ATG9A
3047,TMEM71
3048,DCUN1D1
3049,MYO5C
3050,EPHB4
3051,MERTK
3052,CSNK2A1
3053,ZFR
3054,ZNF506
3055,PON1
3056,ZNF521
3057,POLG
3058,PRTG
3059,ZNF675
3060,ZFP28
3061,ZBTB38
3062,BRCA1
3063,FLG
3064,XRCC1
3065,TCERG1
3066,HOXB2
3067,DCBLD1
3068,GALNT10
3069,ZNF215
3070,ZC3H7A
3071,ITGAX
3072,ZNF644
3073,TUB
3074,TTLL1
3075,EZH2
3076,KCNN2
3077,FN1
3078,PDILT
3079,TRAM1L1
3080,NCAPH
3081,CLIP2
3082,GBE1
3083,NEFH
3084,DNAH9
3085,CLPX
3086,LMAN2
3087,MYO5A
3088,TTLL5
3089,PCDH9
3090,ZNF317
3091,MCC
3092,EPHB1
3093,NR4A3
3094,ATL1
3095,TTF2
3096,ST18
3097,CRMP1
3098,THSD7A
3099,ZNF649
3100,RFC1
3101,CEP350
3102,ZC3H12A
3103,MFSD9
3104,UAP1
3105,PCSK7
3106,COL3A1
3107,ZBTB39
3108,CASR
3109,NEK9
3110,F5
3111,MARK2
3112,STAT5B
3113,HYOU1
3114,KCNN3
3115,NUF2
3116,AMBRA1
3117,IL18R1
3118,DECR1
3119,PI4KB
3120,SERPINE1
3121,LMBR1L
3122,ITSN2
3123,EIF3L
3124,SEMA3B
3125,FNIP1
3126,DYNC2LI1
3127,ADAMTS12
3128,MAP3K8
3129,COPG2
3130,ZKSCAN4
3131,EXPH5
3132,MAP1B
3133,SP100
3134,TRIP11
3135,SLC13A4
3136,GPR39
3137,ZNF267
3138,PTPRK
3139,MDM1
3140,CAPRIN1
3141,EXOC1
3142,NCAN
3143,NEO1
3144,ZNF454
3145,GPATCH1
3146,HMGXB4
3147,ACIN1
3148,OASL
3149,LRRK2
3150,INSIG2
3151,RPAP1
3152,ROBO4
3153,AP2A1
3154,ANO6
3155,DOK1
3156,SPAG9
3157,EXT2
3158,SIK2
3159,B4GALNT4
3160,NPAS4
3161,SP110
3162,SEC23A
3163,FUCA2
3164,TNS1
3165,SIPA1L1
3166,GRB14
3167,SETDB1
3168,TMED10
3169,CAND1
3170,MDM4
3171,HSPA4
3172,KRT6B
3173,DTNB
3174,PBXIP1
3175,SNAP25
3176,PPM1E
3177,SCMH1
3178,ISLR
3179,CARM1
3180,ZNF669
3181,FEZF2
3182,BTBD10
3183,TAF1A
3184,TP53
3185,FHL5
3186,ST8SIA2
3187,ULBP2
3188,AQR
3189,DISP1
3190,UNC13B
3191,CHI3L1
3192,ZNF230
3193,THEMIS
3194,ADCY10
3195,RBM15
3196,FBLN1
3197,DAPK1
3198,PSME4
3199,CNTLN
3200,SYN2
3201,ITPR1
3202,PCDH12
3203,MTR
3204,TNS4
3205,PPL
3206,SLC26A9
3207,CXCL6
3208,KCTD3
3209,MYO1B
3210,LRRC15
3211,NCAM1
3212,MAG
3213,PLSCR2
3214,PLCL2
3215,ANO5
3216,SEZ6L2
3217,PMS2
3218,TNFRSF11B
3219,MEF2C
3220,DDX24
3221,AGK
3222,SDR16C5
3223,COMP
3224,ACSM5
3225,AP1G1
3226,PRICKLE2
3227,ABCF2
3228,PRSS12
3229,C5AR1
3230,CCDC14
3231,LRFN5
3232,NUMA1
3233,TMTC4
3234,APOA5
3235,GALNT11
3236,FBXO11
3237,MSH4
3238,PYGM
3239,ELOVL4
3240,PRPF8
3241,PJA2
3242,KIF21A
3243,CD38
3244,PIH1D1
3245,TPP2
3246,NPFFR2
3247,HERC6
3248,PSMD12
3249,NEDD4
3250,SIRPB1
3251,GPNMB
3252,SLC22A7
3253,STEAP2
3254,HERC5
3255,ALOX15B
3256,FAM171A1
3257,UGGT2
3258,RDH11
3259,TRIM9
3260,MARS
3261,CYP11B2
3262,TXLNA
3263,AFG3L2
3264,ASPM
3265,IL2RB
3266,PLCB2
3267,DDX50
3268,AZIN1
3269,RANBP2
3270,ATAD5
3271,SMG6
3272,CPN1
3273,DMXL2
3274,CETP
3275,GOLGA5
3276,ZFP90
3277,ACOX2
3278,TESK1
3279,NEUROG3
3280,HTR1A
3281,TXNRD1
3282,SYT9
3283,DIP2A
3284,GRHL1
3285,SRRM1
3286,SCIN
3287,SH3BP5
3288,ZNF333
3289,POLRMT
3290,TOM1
3291,CDH24
3292,RND3
3293,PREB
3294,CDC42BPA
3295,IQGAP2
3296,CES1
3297,CPA1
3298,MAP7
3299,ABL2
3300,BCL9
3301,ZNF554
3302,FARSA
3303,PTEN
3304,FPR2
3305,MYO1E
3306,SEMG2
3307,SH2D2A
3308,ZBTB32
3309,DNAJC7
3310,UBC
3311,CYP11B1
3312,RALGAPA1
3313,BRD4
3314,CD36
3315,DENND1C
3316,CLTC
3317,AP4E1
3318,SMC1B
3319,PPP2R1A
3320,LILRB1
3321,SFXN5
3322,ABCG4
3323,DHPS
3324,ZNF790
3325,ZNF300
3326,SNX13
3327,STK4
3328,PARP15
3329,STAMBP
3330,EWSR1
3331,VPS4B
3332,ZBTB3
3333,CREB3L1
3334,UBR2
3335,MAST2
3336,NCR1
3337,TUBA3E
3338,NSD1
3339,UNC5B
3340,CCDC91
3341,OSMR
3342,SP7
3343,SYTL2
3344,ITPRIP
3345,MUC16
3346,GIT1
3347,CIC
3348,NOS1
3349,PCDHB6
3350,RBBP6
3351,JAK2
3352,CHST15
3353,SIGLEC9
3354,XPO7
3355,KRT19
3356,ZNF415
3357,H2AFY2
3358,KRT1
3359,CEP152
3360,ZNF844
3361,PIK3R2
3362,MARCO
3363,SMARCA4
3364,AGGF1
3365,WNK4
3366,CTNNAL1
3367,MEP1A
3368,IFI35
3369,KIF1C
3370,ZNF592
3371,HLX
3372,CSTF3
3373,OPTN
3374,CHSY3
3375,CSRNP3
3376,GP6
3377,ZNF600
3378,AKAP1
3379,STARD7
3380,STT3B
3381,ABCB5
3382,DEAF1
3383,BMPR1B
3384,ZNF135
3385,CD1B
3386,FCAR
3387,ABT1
3388,HIST1H3G
3389,GBP4
3390,RABGAP1L
3391,ZSCAN20
3392,ITGA1
3393,SLC22A2
3394,PIP5K1A
3395,SLC6A15
3396,ALOX12
3397,CDH6
3398,ATP11B
3399,LRIG3
3400,CDCP1
3401,REM1
3402,CUL4A
3403,FERD3L
3404,PRPF40A
3405,KCNH3
3406,CLK4
3407,ZNF143
3408,SLC2A3
3409,ATM
3410,BMP2K
3411,KSR1
3412,NGEF
3413,ATP1A4
3414,MYSM1
3415,MAMDC2
3416,TLR4
3417,CARD9
3418,KRT14
3419,BAP1
3420,SEC31A
3421,PDZD7
3422,BPTF
3423,LAYN
3424,NR3C2
3425,TSC22D1
3426,CCDC110
3427,ATP13A3
3428,ULK1
3429,ELMO2
3430,ETNK1
3431,ITGA4
3432,SNX15
3433,CSF2RB
3434,DUSP19
3435,NDST1
3436,FAM186B
3437,SMARCC1
3438,FUT11
3439,EFHC1
3440,TROAP
3441,ZNF350
3442,NUP160
3443,BCAS2
3444,ZNF45
3445,GMEB1
3446,ABCC12
3447,HIVEP1
3448,STAM
3449,PIWIL3
3450,C6
3451,TXK
3452,NRAP
3453,MYH3
3454,FRMD3
3455,NKTR
3456,ACHE
3457,SYK
3458,KCNA4
3459,ZNF483
3460,PCDH15
3461,ZNF250
3462,APBB3
3463,AKNA
3464,MCM2
3465,EIF3A
3466,PRDX1
3467,ALDH3A2
3468,PIK3R4
3469,OR2AG1
3470,DENND4A
3471,GLS
3472,LSM11
3473,SMPD4
3474,RNF168
3475,PLCE1
3476,GUCY1A2
3477,COL6A1
3478,MASTL
3479,SOX6
3480,STON2
3481,EPN1
3482,GABRG2
3483,AEBP2
3484,IFT81
3485,CLOCK
3486,TRAF6
3487,ATRN
3488,ANKRD12
3489,FZD7
3490,ZNF398
3491,VWC2L
3492,GABRA6
3493,NEDD1
3494,CABIN1
3495,MKI67
3496,LDB2
3497,TXNDC2
3498,ATP6V0A4
3499,NAV3
3500,CACNG7
3501,ZNF845
3502,DNMBP
3503,TATDN2
3504,PKD2
3505,WNK1
3506,GNL2
3507,DENND1B
3508,POPDC2
3509,OPRL1
3510,SH3GL2
3511,EHHADH
3512,ITGA2
3513,CUL2
3514,ZNF85
3515,MAP2K4
3516,CNTNAP1
3517,TPH2
3518,NUMBL
3519,SEPT12
3520,FBXO3
3521,CEACAM5
3522,LARS
3523,SH2D3C
3524,RIPK1
3525,GPR83
3526,SEMA4A
3527,MAP1A
3528,KRT9
3529,TRPV6
3530,ZNF569
3531,CHD7
3532,ZNF214
3533,GCK
3534,OPN4
3535,ZBTB4
3536,LAMA1
3537,KIAA0319
3538,AKAP3
3539,EXOSC9
3540,TAF4B
3541,MMP11
3542,DOK2
3543,TARBP1
3544,SPO11
3545,GCM2
3546,FBXO40
3547,ZBTB40
3548,BUB1B
3549,SKIL
3550,BRAP
3551,SPTBN5
3552,PKP1
3553,MCM6
3554,SAFB2
3555,BCL10
3556,RBBP8
3557,ZNF181
3558,NEDD4L
3559,DPY19L3
3560,SPACA1
3561,PAPPA
3562,ZNF614
3563,TTN
3564,KIT
3565,POLR2B
3566,ITGAL
3567,TRPM7
3568,PRPF6
3569,SLC4A1
3570,DPEP3
3571,PPARGC1A
3572,RPS6KA5
3573,DNAJC11
3574,ACOT11
3575,BLK
3576,TPRX1
3577,ROCK2
3578,DDX17
3579,EDEM3
3580,KITLG
3581,ATRIP
3582,HIST1H2BC
3583,STX6
3584,SP3
3585,REV3L
3586,NUP153
3587,DCAF11
3588,CAP2
3589,WDR62
3590,ABCC11
3591,TOP3B
3592,AP1G2
3593,TGM1
3594,ZMYM6
3595,SOS2
3596,CYP21A2
3597,NACA
3598,ZNF609
3599,NOD1
3600,RAPGEF2
3601,PNN
3602,LMOD1
3603,TUT1
3604,EMILIN1
3605,DEK
3606,PER2
3607,ZNF460
3608,PNLIPRP1
3609,RNF10
3610,FRS3
3611,CNTROB
3612,PGM1
3613,CYP2S1
3614,ADAM21
3615,NEXN
3616,MPZL1
3617,ZNF75A
3618,CHAF1A
3619,CGN
3620,MED1
3621,STAC
3622,BRD7
3623,ZNF431
3624,AKT2
3625,RAD54B
3626,MYCBP2
3627,SEC24C
3628,RASEF
3629,PDLIM7
3630,GPC5
3631,SLC2A12
3632,TNKS2
3633,GART
3634,MAPK6
3635,SART3
3636,BTN1A1
3637,UTP20
3638,ZNF658
3639,GRIP1
3640,ZNF320
3641,MMP13
3642,DTX3
3643,CEP97
3644,ALKBH8
3645,SYT12
3646,BDKRB2
3647,PTPN2
3648,APLF
3649,ZNF532
3650,RABGEF1
3651,TNNI3
3652,CCDC155
3653,PLCB4
3654,CRNKL1
3655,ZNF804B
3656,QSOX1
3657,TOR1AIP1
3658,KCNJ15
3659,DOCK6
3660,HPN
3661,F13B
3662,DDX23
3663,CDON
3664,ZNF445
3665,CADM2
3666,ZNF585B
3667,GPAM
3668,POLR1A
3669,SFMBT1
3670,CDC27
3671,ZNF33B
3672,SCN3A
3673,SLC16A10
3674,CENPE
3675,RANGAP1
3676,ACAN
3677,UBXN7
3678,HMG20A
3679,MARK1
3680,TFAP2C
3681,RELN
3682,CTSA
3683,SLC45A2
3684,PAK1
3685,ARHGAP9
3686,ZNF671
3687,EPHB6
3688,ZAP70
3689,WTAP
3690,DDHD2
3691,GRIK4
3692,DSG3
3693,XRN1
3694,RBM14
3695,MAP9
3696,TGFBR2
3697,OLFML3
3698,SLIT2
3699,GOLGB1
3700,ARMC1
3701,MLC1
3702,BNC2
3703,BIRC8
3704,MYEF2
3705,PCF11
3706,PON3
3707,FBXL4
3708,KLK13
3709,HSPA8
3710,CATSPER2
3711,CASP2
3712,RFFL
3713,A2ML1
3714,P2RX5
3715,SYCP2L
3716,EIF2AK3
3717,SYT11
3718,OAS3
3719,TFPI2
3720,CRX
3721,YIPF1
3722,PCDHB5
3723,TOP2A
3724,MALT1
3725,SLC6A4
3726,NCOA6
3727,MCAM
3728,CACNG3
3729,ACTL6B
3730,SLC6A6
3731,TOP2B
3732,INTU
3733,ADAM15
3734,NUDT7
3735,ATF6
3736,ZNF202
3737,MYO18B
3738,UBR5
3739,CDS1
3740,SERPINB3
3741,MLH1
3742,GFPT1
3743,CMKLR1
3744,TRPC6
3745,ACVR1C
3746,POLR3C
3747,AKAP11
3748,RBM5
3749,MYBPH
3750,GAL3ST1
3751,L3MBTL3
3752,ZFP37
3753,PIWIL4
3754,ITGB3
3755,PM20D1
3756,KRT85
3757,NLRP3
3758,ZC3H14
3759,GABRG1
3760,GRM1
3761,IRF9
3762,CCDC136
3763,FIG4
3764,DPY19L4
3765,DHRS2
3766,WIF1
3767,RIN1
3768,NINL
3769,KCNH5
3770,CD96
3771,LPIN3
3772,MTMR3
3773,VPS39
3774,GDF5
3775,CRYGC
3776,ZMIZ2
3777,RICTOR
3778,ZNF281
3779,USP25
3780,FANCG
3781,ETAA1
3782,BCAS1
3783,TRIP6
3784,PCDHB15
3785,FGA
3786,SLC30A9
3787,CCDC8
3788,PDP1
3789,CYP4F8
3790,SIGLEC10
3791,MORF4L1
3792,DSG2
3793,USP1
3794,CCDC50
3795,SLC5A6
3796,PSG11
3797,TMEM67
3798,XPO4
3799,ABI1
3800,NIPAL4
3801,PCDHB13
3802,ATP8A1
3803,PLA2R1
3804,MAPK7
3805,SLC25A32
3806,MAP3K4
3807,NOTUM
3808,ADCY2
3809,NBR1
3810,SCAPER
3811,CKAP2
3812,MUSK
3813,DRD2
3814,BACH1
3815,ZNF607
3816,ZNF485
3817,DTX2
3818,PREPL
3819,PLA2G7
3820,CD1E
3821,ALOX15
3822,ZNF223
3823,USP28
3824,ZNF160
3825,ZNF25
3826,SLC25A41
3827,KIF5A
3828,VAV1
3829,SCN1A
3830,NPY1R
3831,SIRPG
3832,POTEF
3833,HDAC1
3834,TBXAS1
3835,KRT83
3836,HOXA11
3837,FANK1
3838,TTLL6
3839,GANAB
3840,MYBPC3
3841,NFE2L3
3842,DHX32
3843,MIPEP
3844,TUBGCP4
3845,SLC9A9
3846,DYRK3
3847,FAM13A
3848,JMY
3849,SNAP91
3850,A1CF
3851,SLC17A8
3852,COLQ
3853,ERN1
3854,GLI1
3855,UTP15
3856,MRGPRX1
3857,PCK1
3858,CANX
3859,RXFP1
3860,ROPN1B
3861,AKNAD1
3862,PLIN2
3863,SP140
3864,BCL2L13
3865,MBD5
3866,NPHP3
3867,MPDZ
3868,IGSF10
3869,MYO6
3870,RHBG
3871,COL1A2
3872,PDHA2
3873,CCR2
3874,DNTT
3875,ARHGEF15
3876,DCAF6
3877,DHX38
3878,STX17
3879,SF3B4
3880,NUP98
3881,CHRND
3882,INPP5J
3883,DDX20
3884,MUC7
3885,ZMPSTE24
3886,SLC5A7
3887,KCNA10
3888,KPNA5
3889,ZNF618
3890,CPEB2
3891,APOH
3892,PELP1
3893,NMT1
3894,SLC22A16
3895,RFTN2
3896,CYP3A43
3897,SP4
3898,ULK2
3899,TCTN2
3900,PIGO
3901,SLC4A3
3902,RAPGEF1
3903,HSD3B2
3904,SLCO1C1
3905,LRRTM4
3906,MTMR4
3907,CKAP5
3908,NFAT5
3909,ZEB1
3910,PDGFRB
3911,TOP1
3912,PYGL
3913,IKBKB
3914,ITGA10
3915,TAF5L
3916,DCLRE1C
3917,IFT122
3918,INTS3
3919,FAM160A2
3920,SRP68
3921,MEIS3
3922,ATP6V0A1
3923,MORC1
3924,PMFBP1
3925,LIN28B
3926,RASGRF2
3927,CYP2A13
3928,ZNF878
3929,MYO1G
3930,DSC1
3931,CASP1
3932,PRDM10
3933,TMEM59L
3934,PLG
3935,VPS41
3936,TRPM6
3937,UBE4A
3938,STX3
3939,AGTR1
3940,SMC4
3941,PTPRC
3942,COL17A1
3943,ZNF573
3944,DPP3
3945,ZHX1
3946,AKT3
3947,PAM
3948,TNKS
3949,SLC38A7
3950,NES
3951,PDHX
3952,SLAMF7
3953,HSD3B1
3954,PLIN4
3955,HCN1
3956,MRPS30
3957,REV1
3958,ITGB8
3959,PTGIS
3960,BIRC3
3961,SYMPK
3962,VCAM1
3963,ZNF695
3964,ALDH18A1
3965,SALL4
3966,KIAA2013
3967,RPRD1B
3968,MCM7
3969,PCK2
3970,ATRNL1
3971,GLYCTK
3972,FGD3
3973,CCKAR
3974,CYP3A4
3975,CD1D
3976,DUSP13
3977,SUPT5H
3978,HADHB
3979,MIER2
3980,FANCM
3981,STAP1
3982,ATP1B1
3983,ACTR1A
3984,DHX15
3985,SLC10A6
3986,UBN1
3987,PCM1
3988,TMEM30A
3989,MRGPRX3
3990,DENND5A
3991,DNA2
3992,SLC22A6
3993,CHRNB4
3994,SLC22A4
3995,HSD17B4
3996,DDB1
3997,CDH12
3998,HSD11B1
3999,SLC34A1
4000,DHX8
4001,C3AR1
4002,DSPP
4003,TRIM37
4004,C10orf90
4005,DPP4
4006,MYF5
4007,GTF3C3
4008,ABCA12
4009,NUP155
4010,USP6
4011,CLSTN3
4012,RNF43
4013,SEMG1
4014,CCNT1
4015,CENPL
4016,SETD3
4017,FCRL2
4018,ALG10B
4019,DNAH8
4020,TGM2
4021,KNG1
4022,FYCO1
4023,SEC23IP
4024,PPARG
4025,STAT2
4026,FASTKD1
4027,TSC1
4028,SYCP2
4029,TPSAB1
4030,DET1
4031,SLC27A5
4032,KIF16B
4033,GUF1
4034,PNPLA3
4035,VTN
4036,VRK3
4037,OAS1
4038,ZFYVE16
4039,GEMIN5
4040,MUS81
4041,SLC22A8
4042,ENPEP
4043,LCT
4044,GSDMA
4045,NCOA5
4046,ZNF701
4047,SCN8A
4048,ROBO2
4049,HPS3
4050,GPR156
4051,ZNF239
4052,ZNF792
4053,TRDN
4054,SORCS1
4055,RNF20
4056,TRNT1
4057,ANPEP
4058,KRT73
4059,HK3
4060,BRPF1
4061,CAPG
4062,ASH1L
4063,NLRP2
4064,ALDH1L2
4065,SOX30
4066,PKD2L2
4067,CNGA1
4068,MRPS22
4069,PI4KA
4070,PLAU
4071,SPTLC2
4072,GPR1
4073,DGKB
4074,HPS1
4075,CBL
4076,SLC44A5
4077,ZNF502
4078,IP6K3
4079,ITLN2
4080,POMT1
4081,API5
4082,SLC26A3
4083,FBXO24
4084,CDCA2
4085,SHOC2
4086,NLRP5
4087,PHTF2
4088,NDUFS2
4089,CD4
4090,ENG
4091,ATAD2
4092,GHRHR
4093,CCT2
4094,KRT28
4095,SPG11
4096,ZNF79
4097,SAFB
4098,TMF1
4099,OR4N2
4100,FRMPD2
4101,GTF3C2
4102,ANKRD30A
4103,LINGO1
4104,POLN
4105,SLC30A10
4106,CSF3R
4107,ATP7B
4108,GLDC
4109,SERPINA4
4110,HPS5
4111,TIGD3
4112,CD93
4113,DLGAP5
4114,CSAD
4115,NEK3
4116,PRPF39
4117,DCT
4118,SLC9A5
4119,KLK11
4120,TYRP1
4121,ATP1A3
4122,ABCA1
4123,ADCK2
4124,SUPT16H
4125,HAUS5
4126,MNDA
4127,TEP1
4128,FUT3
4129,TXNDC16
4130,ZFYVE26
4131,DNAJB4
4132,KIAA0586
4133,CDC37
4134,CYP4F2
4135,KLHL7
4136,DDX5
4137,EIF4A2
4138,JMJD1C
4139,NFE2
4140,TDRD5
4141,FCRL3
4142,NRBP1
4143,SRRT
4144,MTF2
4145,HSP90AA1
4146,USP37
4147,SLC20A1
4148,TPTE
4149,PRSS35
4150,BMS1
4151,PIK3C2A
4152,INTS4
4153,APBB1IP
4154,SERPINA12
4155,FASTKD3
4156,AMPD1
4157,GDAP1
4158,ZNF813
4159,KHK
4160,RETSAT
4161,NEUROD6
4162,AADAC
4163,VPS33B
4164,MYO16
4165,CD300A
4166,C1R
4167,FLT3
4168,KRT4
4169,MYO1F
4170,FTSJ3
4171,ATP13A2
4172,GZMA
4173,BTNL3
4174,BTN2A2
4175,PNPT1
4176,DNAJB5
4177,STRBP
4178,PUM2
4179,RTL1
4180,GALNT1
4181,ATP12A
4182,INHBE
4183,PIGN
4184,CCPG1
4185,KPNA2
4186,CP
4187,ZNF468
4188,IGSF5
4189,ENKUR
4190,POMT2
4191,PIP4K2C
4192,PLEKHB2
4193,CYP17A1
4194,WDR3
4195,COLEC12
4196,PCDHB10
4197,CUL9
4198,TARS
4199,PBRM1
4200,BRWD1
4201,NCSTN
4202,MPHOSPH10
4203,ZNF8
4204,HOOK3
4205,MCM4
4206,ARFGEF2
4207,PTPN3
4208,AMDHD1
4209,CIZ1
4210,MET
4211,PDCD4
4212,RARS
4213,PTPRB
4214,PCYOX1
4215,MIB1
4216,HGF
4217,ZNF732
4218,MPEG1
4219,SAE1
4220,WEE1
4221,LPAR1
4222,SLC26A11
4223,GPD1
4224,CUL3
4225,CTNND1
4226,PIBF1
4227,ITIH2
4228,SLC13A3
4229,SLC38A2
4230,PGLYRP3
4231,CENPJ
4232,RAG1
4233,PDE3B
4234,CYP3A7
4235,CAPN3
4236,IKBIP
4237,BLMH
4238,BIVM
4239,CFH
4240,EML2
4241,VEZT
4242,ZHX3
4243,CAPN11
4244,MS4A14
4245,MYO5B
4246,SEC24A
4247,DCLK1
4248,PSG4
4249,IKBKE
4250,BAZ2A
4251,MFN1
4252,MMP3
4253,CERCAM
4254,KIFAP3
4255,CNGB3
4256,CDH9
4257,DBH
4258,RPE65
4259,GYS1
4260,SLC13A5
4261,RNF180
4262,KRT78
4263,SLC39A12
4264,TRAF5
4265,SELL
4266,CPS1
4267,NPC1
4268,TDRD7
4269,HAL
4270,ZRANB1
4271,MTRR
4272,ZNF329
4273,TPP1
4274,CA9
4275,TLR10
4276,TBX19
4277,CFHR5
4278,FOLH1
4279,EGF
4280,ABRA
4281,PLCB1
4282,PIK3C2B
4283,HDAC5
4284,ALDH1A3
4285,GLB1
4286,SPTA1
4287,FOXA3
4288,MMS19
4289,NLRC4
4290,SIGLEC6
4291,DMP1
4292,NBN
4293,LDHC
4294,IFI44
4295,AHI1
4296,CYP8B1
4297,LPA
4298,GBP7
4299,TRAK2
4300,PDCD11
4301,TRIM21
4302,NOC3L
4303,PARP9
4304,PADI6
4305,SMC2
4306,CYP39A1
4307,COPA
4308,TRPV2
4309,AGT
4310,CYP2B6
4311,PLCZ1
4312,IFI16
4313,PCDHB12
4314,PRMT5
4315,CHRNA10
4316,ZSCAN5A
4317,ZNF28
4318,SCEL
4319,ARRDC3
4320,CRTAM
4321,CD1C
4322,NCAPD3
4323,ARHGAP5
4324,TYRO3
4325,NDUFB5
4326,CNTNAP3
4327,GRIA1
4328,FBN3
4329,SEPT14
4330,ZNF208
4331,CNTN3
4332,OTOP2
4333,SYCP1
4334,MPHOSPH9
4335,NCAPH2
4336,PSG3
4337,LCE1C
4338,NLRP9
4339,SGCA
4340,ZNF555
4341,AP4M1
4342,IL23R
4343,GTF2I
4344,TAAR9
4345,PTPRD
4346,ITGB6
4347,ZBP1
4348,SLC12A1
4349,CD300LG
4350,NME7
4351,PKN3
4352,HAUS6
4353,PCSK5
4354,ANKS4B
4355,IDE
4356,CD101
4357,SCYL1
4358,ABCC10
4359,KCNA5
4360,CHIA
4361,RAD23B
4362,HIST2H2BE
4363,ACO2
4364,HSPD1
4365,TF
4366,NCOA1
4367,ZNF417
4368,SCLT1
4369,TGFBR1
4370,HCFC2
4371,ABCD2
4372,SLC23A2
4373,KLK8
4374,HTR1F
4375,USP21
4376,ZNF791
4377,NCF4
4378,CCT6B
4379,ECT2
4380,CEP78
4381,RANBP6
4382,FGD4
4383,TARS2
4384,TFPI
4385,AOC2
4386,SMC5
4387,ZNF484
4388,HRC
4389,PDE6A
4390,SPINK5
4391,ODF2
4392,SLC22A14
4393,ARSK
4394,VSIG8
4395,CD180
4396,GJA10
4397,KRT25
4398,FOXM1
4399,GRIN3A
4400,PCDHB8
4401,FCER1A
4402,PLA2G4A
4403,ZNF679
4404,PTDSS1
4405,ASZ1
4406,FARSB
4407,GLIPR1
4408,ABCC9
4409,TNC
4410,PRKD3
4411,GOLGA1
4412,XDH
4413,TIGIT
4414,CARD8
4415,AKR1C4
4416,NAIF1
4417,ILF2
4418,BCHE
4419,UBAP2L
4420,ACAD10
4421,CNOT6
4422,PSG1
4423,XRCC4
4424,CYP2C9
4425,OVGP1
4426,GAPVD1
4427,HIRA
4428,PAH
4429,ALPP
4430,CLCNKA
4431,TMPO
4432,INTS7
4433,COL4A4
4434,UBA7
4435,GCAT
4436,DPT
4437,ZNF169
4438,ADH7
4439,ASXL3
4440,ZNF567
4441,CREB3L3
4442,VNN2
4443,AMHR2
4444,XRN2
4445,GTSE1
4446,CD244
4447,CD33
4448,SMG5
4449,HMGCS2
4450,KLHL1
4451,ZNF318
4452,FUT8
4453,DNASE1L3
4454,TOP3A
4455,PSPC1
4456,RIPK3
4457,CYP4A11
4458,FAM120A
4459,HEXA
4460,PTGS1
4461,CC2D2A
4462,EIF2B4
4463,CDC40
4464,PALB2
4465,XPO5
4466,AKR1C1
4467,LRRC7
4468,THBS3
4469,IQCB1
4470,STAB2
4471,PAPPA2
4472,GATM
4473,WASF1
4474,SLCO1A2
4475,RAD17
4476,ARHGEF5
4477,PPIG
4478,C4BPA
4479,DENND4C
4480,KIAA0391
4481,ALKBH1
4482,GLE1
4483,NCDN
4484,PTPRH
4485,MYH13
4486,TRAPPC10
4487,PSG8
4488,AASDHPPT
4489,FCGR1A
4490,N4BP2
4491,SLC4A1AP
4492,MYH8
4493,C9
4494,SPTLC3
4495,PNLIP
4496,ASGR2
4497,THAP5
4498,SLC27A4
4499,ATP8B1
4500,ACTG2
4501,SYT4
4502,CPSF3
4503,GUCY2C
4504,IQGAP3
4505,CD22
4506,MYBPC1
4507,COL4A3
4508,PPEF2
4509,ACAD11
4510,KYNU
4511,FSHR
4512,TMEM87A
4513,INTS12
4514,LILRB3
4515,TMTC3
4516,KDM5A
4517,SPARCL1
4518,XRCC6
4519,IARS2
4520,FAM114A1
4521,CORO2A
4522,ZNF860
4523,INHBA
4524,ZWILCH
4525,TXLNB
4526,C8B
4527,MMRN1
4528,KIAA1109
4529,DDX31
4530,RUSC2
4531,MAP3K12
4532,ZNF473
4533,SNAPC3
4534,FKTN
4535,LRSAM1
4536,NUSAP1
4537,AMBN
4538,GPR55
4539,GBA2
4540,TLN1
4541,SLC44A1
4542,XRRA1
4543,ZBTB6
4544,FRMPD1
4545,IARS
4546,CCIN
4547,MELK
4548,ABCG8
4549,GOLGA2
4550,PRKACG
4551,BAAT
4552,CDH19
4553,DOCK8
4554,RABGAP1
4555,DCAF13
4556,YY1AP1
4557,FUBP3
4558,FKBP15
4559,OR3A1
4560,FREM1
4561,SLC39A6
4562,ARID4A
4563,INVS
4564,PGM5
4565,CYLC2
4566,LINGO2
4567,TRPM3
4568,MCM3AP
4569,CYP4B1
4570,PSG6
4571,CTCFL
4572,ANKS6
4573,TCF20
4574,MYO19
4575,SERPINB11
4576,TGS1
4577,COG5
4578,CPB2
4579,TYR
4580,DPM1
4581,SIRT3
4582,DIS3
4583,LARP7
4584,GLCE
4585,GALNT8
4586,ADAM28
4587,FMO4
4588,HIST1H2BG
4589,NPEPPS
4590,ELP2
4591,XPNPEP3
4592,URB2
4593,KIR3DL1
4594,OR10J1
4595,LILRA1
4596,SLC23A3
4597,TMX3
4598,EFTUD2
4599,MSTN
4600,DAP3
4601,ACOX1
4602,SON
4603,C2CD3
4604,ZNF721
4605,GIP
4606,STAG3
4607,TNPO3
4608,IKZF5
4609,DMGDH
4610,FMO3
4611,COL4A3BP
4612,KNTC1
4613,MYO9A
4614,ATP6V1A
4615,TUBD1
4616,ZAN
4617,MTTP
4618,KIF4B
4619,ZNF547
4620,MTHFR
4621,CHIT1
4622,PRAME
4623,CDS2
4624,CLEC17A
4625,EML3
4626,OPN1SW
4627,ROS1
4628,ENPP3
4629,SULT1E1
4630,FOXRED1
4631,PDCD10
4632,SEPT2
4633,OR51E2
4634,MUTYH
4635,CRNN
4636,DZIP3
4637,HSP90B1
4638,TRAT1
4639,WRN
4640,USP5
4641,TAAR1
4642,CHEK2
4643,ITPKC
4644,RRP9
4645,ZBTB11
4646,CC2D1A
4647,PAXIP1
4648,UGT2B15
4649,AMY2A
4650,UBA6
4651,MFSD8
4652,TRIM6
4653,KLRC1
4654,RNF31
4655,PARP3
4656,WBP11
4657,DMRTC2
4658,WDHD1
4659,IRAK4
4660,SMC6
4661,TMPRSS11A
4662,GBP5
4663,APEX1
4664,GPR141
4665,RPAP2
4666,KIF20A
4667,UGT2B7
4668,NPAT
4669,ABCE1
4670,VPS35
4671,POP1
4672,ZNF479
4673,YME1L1
4674,RPGRIP1L
4675,SCYL2
4676,CCT3
4677,INSRR
4678,HELQ
4679,GNPAT
4680,PCDHGA9
4681,PCDHGA5
4682,PCDHGB1
4683,PCDHGB4
4684,PCDHGA3
4685,PCDHGA7
4686,PCDHGB2
4687,PCDHGB3
4688,LRRTM1
4689,CHKB
4690,PCDHGC3
4691,PCDHGA12
4692,PCDHGA11
4693,PCDHGC4
4694,SASS6
4695,VPS16
4696,FILIP1L
4697,PCDHA7
4698,PCDHA12
4699,PCDHA6
4700,PCDHA10
4701,PCDHA4
4702,PCDHA11
4703,PCDHA8
4704,PCDHA2
4705,PCDHA9
4706,PCDHA5
4707,PCDHA13
4708,PCDHA3
4709,NDC80
4710,PEX13
4711,DISC1
4712,RBMXL1
4713,LRRC4
4714,ANKHD1
4715,PEG3
4716,HIST2H3D
4717,RCC1
4718,UGT1A10
4719,FLRT3
4720,ZFP91
4721,MAB21L1
4722,SERAC1
4723,UGT1A3
4724,PRPF4
4725,GNAZ
4726,CDK11A
4727,PCDHAC2
4728,PCDHAC1
4729,KIF15
4730,TOX4
4731,EPM2AIP1
4732,NOL8
4733,TIMP3
4734,YARS
4735,RBM12
4736,BRD8
4737,CEP290
4738,AMIGO3
4739,RNF123
4740,HMMR
4741,DLX6
4742,SLC18A3
4743,AUP1
4744,KIR2DL1
4745,TRIM23
4746,RAD51C
4747,NOL6
4748,B3GNT5
4749,ZNF571
4750,LRRN3
4751,ANGPTL3
4752,BEND5
4753,TSSK1B
4754,UGT1A1
4755,HIST1H3F
4756,FANCD2
4757,FASTKD5
4758,LRTM1
4759,CD300LF
4760,COL8A1
4761,VLDLR
4762,ECD
4763,RARS2
4764,ZP4
4765,GFM2
4766,TPR
4767,NUP62
4768,TRIM13
4769,CHML
4770,EIF3I
4771,COL10A1
4772,FBXW2
4773,NUP188
4774,NFX1
4775,KIF18A
4776,STX19
4777,CSTF2T
4778,MRC1
4779,TRIM32
4780,STON1
4781,GTF3C4
4782,OGN
4783,ECM2
4784,POU5F2
